{
    "type": "genericSmelter",
    "name": "бетономешалка",
    "description": "производит из говна крепкий материал",
    "outputItem": { "item": "concret", "amount": 1 },
    "size": 2,
    "haspPower": true,
    "hasItems": true,
    "hasLiquids": true,
    "craftTime": 40,
    "updateEffect": "smeltsmoke",
    "consumes": {
    "power": 0.5,
    "items": {
        "items": [
              { "item": "sheben", "amount": 2 },
              { "item": "sand", "amount": 1 }
           ]
        },
        "liquid": {
                "liquid": "water",
                "amount": 0.40
       }
},
"requirements": [
        { "item": "titanium", "amount": 70 },
        { "item": "graphite", "amount": 150 },
        { "item": "copper", "amount": 230 }
],
"category": "crafting",
"research": "cryofluidmixer",
"idleSound": "respawning",
"idleSoundVolume": 0.5
}