{
    "type": "genericSmelter",
    "name": "Сталелитейный завод",
    "description": "Завод по производству стали",
    "outputItem": { "item": "steel", "amount": 2 },
    "size": 3,
    "haspPower": true,
    "hasItems": true,
    "hasLiquids": true,
    "craftTime": 40,
    "updateEffect": "smeltsmoke",
    "consumes": {
    "power": 0.5,
    "items": {
        "items": [
              { "item": "iron", "amount": 2},
              { "item": "coal", "amount": 1 }
           ]
        },
        "liquid": {
                "liquid": "water",
                "amount": 0.20
       }
},
"requirements": [
        { "item": "titanium", "amount": 170 },
        { "item": "graphite", "amount": 250 },
        { "item": "copper", "amount": 360 },
        { "item": "lead", "amount": 530 }
],
"category": "crafting",
"research": "cryofluidmixer",
"idleSound": "respawning",
"idleSoundVolume": 0.5
}