{
	"type": "flyingUnit",
	"name": "КС-21",
	"description": "тяжёлый ковровый бомбардировщик." ,
	"speed": 0.3,
	"flying": true,
	"health": 2900,
	"range": 200,
	"engineOffset": 1,
	"engineSize": 1,
	"weapon": {
		"name": "fab1000",
		"length": 10,
		"reload": 5,
		"alternate": true,
		"bullet": {
        "bulletType": "bombBulletType",
        "damage": 500,
        "splashDamageRadius": 50,
        "splashDamage": 50,
        "shootSound": "click"
		}
	}
}
