{
	"type": "flyingUnit",
	"name": "HE-110-5D",
	"description": "Модифицированный HE-110-5, оснащён 200кг бомбами." ,
	"speed": 1.2,
	"flying": true,
	"health": 2900,
	"range": 200,
	"engineOffset": 1,
	"engineSize": 1,
	"weapon": {
		"name": "fab1000",
		"length": 10,
		"reload": 5,
		"alternate": true,
		"bullet": {
        "bulletType": "bombBulletType",
        "damage": 200,
        "shots": 3
        "splashDamageRadius": 20,
        "splashDamage": 50,
        "shootSound": "click"
		}
	}
}
